user_id,song_id,rating,play_count,liked
91,13,4.8,15,1
23,42,2.7,5,0
13,46,2.3,3,0
192,24,2.8,2,0
63,28,3.2,6,0
17,12,3.1,7,0
125,12,2.4,1,0
134,47,4.3,10,1
84,22,2.9,4,0
47,16,3.9,10,0
145,29,5.0,11,1
181,24,4.4,7,1
63,22,3.6,5,0
18,30,2.6,5,0
179,24,1.1,1,0
46,32,4.2,7,1
77,26,3.9,7,0
61,3,4.4,14,1
188,42,3.7,11,0
44,18,4.6,7,1
159,24,1.4,2,0
20,24,5.0,11,1
21,15,5.0,7,1
100,48,5.0,9,1
37,5,4.0,6,1
70,17,4.5,8,1
14,16,2.9,7,0
28,43,3.7,8,0
37,20,5.0,7,1
59,5,3.2,4,0
50,29,3.5,6,0
45,16,3.1,4,0
86,47,3.1,8,0
72,25,3.9,7,0
73,33,3.9,14,0
54,7,2.0,4,0
172,38,1.7,2,0
74,2,1.2,3,0
154,25,2.5,9,0
151,43,2.8,4,0
125,4,3.3,8,0
132,26,4.1,9,1
129,44,2.9,6,0
9,15,1.9,5,0
19,36,4.4,9,1
150,48,3.3,5,0
64,35,2.4,5,0
24,46,3.2,3,0
97,36,2.6,3,0
196,13,3.6,12,0
30,8,4.2,9,1
144,12,3.0,3,0
104,44,3.3,7,0
142,36,2.1,4,0
180,23,2.3,7,0
49,42,4.8,7,1
91,2,3.5,9,0
125,3,2.4,3,0
12,32,3.3,6,0
43,2,2.2,3,0
11,50,4.5,6,1
115,7,2.7,8,0
116,35,3.1,5,0
130,27,5.0,11,1
120,39,3.9,6,0
188,11,4.0,6,0
180,29,4.1,10,1
188,40,4.7,10,1
87,43,3.7,5,0
159,46,2.1,3,0
111,32,2.8,6,0
36,4,3.5,10,0
11,10,4.0,9,0
32,46,2.0,5,0
46,40,3.9,5,0
92,29,2.6,4,0
44,13,3.3,6,0
108,47,2.9,6,0
64,42,3.8,12,0
121,34,3.6,9,0
54,40,3.9,3,0
173,20,3.8,5,0
24,34,2.8,3,0
63,46,3.4,8,0
63,49,2.3,8,0
198,47,2.7,5,0
113,30,3.9,10,0
74,5,3.7,4,0
41,46,4.1,6,1
158,22,2.3,6,0
45,36,3.5,3,0
196,50,2.8,6,0
120,14,2.2,6,0
89,21,1.7,1,0
196,42,3.9,10,0
98,1,2.1,2,0
144,48,2.8,5,0
99,49,2.5,4,0
79,22,2.4,6,0
131,8,2.4,4,0
197,11,3.0,9,0
42,20,3.2,6,0
8,37,3.2,10,0
21,30,3.4,3,0
25,3,3.3,9,0
172,11,4.4,7,1
161,21,3.6,11,0
125,16,2.7,0,0
47,39,2.5,4,0
67,4,3.9,8,0
115,33,4.5,2,1
98,46,3.9,5,0
88,14,2.9,7,0
71,14,2.3,5,0
168,17,3.9,3,0
53,35,3.6,10,0
12,35,2.3,5,0
172,33,3.1,2,0
65,8,5.0,10,1
76,12,2.1,2,0
21,38,2.9,5,0
173,3,3.3,6,0
12,6,3.1,2,0
193,29,5.0,10,1
84,49,2.6,1,0
46,49,2.8,6,0
41,17,2.4,5,0
147,11,3.9,10,0
91,46,2.5,2,0
175,20,2.4,4,0
105,10,5.0,15,1
28,3,1.6,3,0
144,30,1.6,2,0
62,49,2.5,3,0
21,43,4.5,15,1
184,28,2.4,4,0
157,10,4.0,7,1
65,31,5.0,12,1
69,30,3.0,3,0
192,27,2.6,1,0
59,15,2.1,6,0
29,13,3.0,4,0
69,37,5.0,6,1
87,3,1.6,2,0
85,46,3.3,7,0
17,35,3.6,6,0
145,37,3.0,9,0
46,12,3.2,8,0
190,24,5.0,15,1
179,14,2.1,7,0
173,17,1.9,2,0
69,13,3.8,10,0
169,24,3.2,5,0
67,1,4.4,3,1
136,5,3.4,7,0
75,35,4.6,5,1
102,16,3.6,8,0
120,27,4.5,5,1
147,19,3.5,7,0
156,46,3.3,8,0
82,34,2.2,2,0
93,26,3.7,10,0
137,27,3.2,7,0
157,33,3.8,8,0
196,47,4.8,9,1
199,41,2.7,7,0
100,45,4.7,7,1
13,49,2.9,4,0
165,38,4.0,5,1
122,26,3.4,7,0
187,47,2.8,2,0
33,7,3.2,2,0
43,36,3.8,11,0
124,23,3.1,9,0
90,44,3.7,12,0
159,41,3.2,6,0
166,27,2.4,10,0
108,33,4.0,8,1
187,26,3.0,4,0
134,4,3.1,11,0
171,39,3.4,8,0
55,8,4.5,5,1
9,27,3.0,4,0
59,11,2.4,5,0
56,21,3.6,11,0
136,41,3.6,6,0
27,40,1.7,2,0
24,42,3.1,4,0
181,41,4.0,0,1
188,6,2.4,2,0
47,4,3.4,10,0
126,48,4.2,8,1
17,4,2.8,8,0
194,40,2.8,3,0
169,29,3.2,4,0
49,12,2.4,6,0
43,35,4.5,9,1
193,5,3.6,6,0
196,44,3.3,9,0
72,33,1.6,3,0
57,28,3.3,6,0
194,30,3.4,7,0
82,10,2.9,4,0
58,5,3.0,4,0
131,10,3.3,7,0
20,27,5.0,10,1
66,30,3.7,9,0
196,1,2.9,3,0
22,36,2.2,3,0
68,7,2.7,6,0
114,27,1.7,2,0
127,25,1.7,2,0
92,17,2.6,6,0
180,47,4.1,4,1
62,33,2.8,8,0
102,1,3.8,8,0
2,43,3.6,10,0
135,43,3.6,6,0
133,49,3.0,6,0
196,12,3.1,9,0
106,39,1.7,3,0
109,35,3.2,5,0
29,47,1.3,3,0
151,45,3.8,3,0
160,42,4.9,7,1
47,19,5.0,9,1
19,3,2.4,7,0
48,49,3.6,14,0
26,16,3.0,5,0
108,41,3.8,6,0
128,48,5.0,7,1
6,12,3.5,8,0
67,19,3.6,6,0
107,32,2.8,2,0
48,25,4.7,8,1
44,29,4.3,10,1
189,13,2.1,6,0
138,44,3.3,8,0
195,30,5.0,7,1
156,21,2.2,6,0
84,37,3.6,8,0
46,50,3.9,14,0
195,45,5.0,10,1
144,13,4.0,5,0
114,49,2.5,5,0
85,10,3.7,11,0
149,12,2.9,9,0
75,21,3.8,8,0
175,17,4.3,10,1
94,13,3.2,5,0
8,29,3.3,9,0
181,23,3.7,7,0
20,39,3.7,9,0
50,38,5.0,5,1
151,40,1.0,1,0
93,30,1.9,5,0
88,23,2.0,4,0
192,38,2.4,1,0
60,23,3.8,5,0
9,22,3.4,12,0
166,8,3.8,11,0
31,21,2.7,1,0
127,42,3.4,6,0
58,8,3.5,8,0
103,13,2.5,4,0
149,48,3.1,5,0
161,9,1.3,2,0
98,16,2.5,5,0
139,39,3.3,7,0
165,45,4.3,8,1
147,38,4.0,11,1
83,35,2.7,7,0
155,9,2.3,4,0
34,3,2.9,8,0
105,44,1.7,6,0
129,25,3.1,8,0
46,25,3.1,6,0
18,21,3.2,4,0
61,5,4.0,3,1
102,29,3.3,12,0
186,21,2.8,3,0
129,22,3.4,9,0
90,13,1.9,2,0
6,35,2.6,6,0
58,49,2.0,4,0
59,50,3.0,4,0
163,17,3.4,6,0
71,43,2.9,6,0
144,4,3.4,8,0
8,7,4.1,12,1
151,6,5.0,10,1
6,48,3.1,9,0
125,47,4.1,10,1
99,48,1.0,1,0
11,21,2.7,4,0
18,35,2.6,2,0
108,43,2.9,8,0
174,40,3.0,3,0
120,36,4.1,5,1
124,37,2.3,5,0
165,27,4.3,9,1
118,29,4.9,8,1
32,4,4.6,3,1
137,42,4.7,11,1
17,32,2.7,5,0
50,12,3.3,6,0
24,4,2.6,8,0
22,20,3.7,5,0
10,32,3.3,12,0
103,24,3.6,13,0
38,3,1.3,2,0
197,4,3.6,6,0
15,44,2.7,7,0
43,33,2.1,7,0
194,45,3.1,5,0
167,47,2.9,3,0
127,47,3.3,8,0
109,20,3.4,5,0
52,47,3.3,5,0
26,23,3.9,3,0
183,14,4.9,8,1
99,40,2.1,6,0
51,37,3.1,2,0
89,4,4.1,8,1
195,16,2.9,1,0
47,38,3.8,6,0
125,50,2.9,4,0
4,1,2.2,2,0
8,24,3.1,5,0
47,31,4.1,10,1
181,7,3.3,8,0
170,33,5.0,11,1
3,7,3.7,7,0
113,34,3.2,11,0
160,5,5.0,11,1
187,10,1.3,1,0
131,19,3.6,9,0
179,21,3.0,6,0
169,22,2.7,5,0
190,13,3.9,4,0
56,27,2.6,4,0
154,8,4.2,6,1
82,2,2.3,7,0
14,45,3.2,6,0
183,28,4.4,9,1
54,22,1.6,2,0
46,8,4.1,9,1
115,47,3.3,4,0
137,45,2.0,3,0
117,28,2.7,3,0
134,11,3.8,5,0
146,49,2.3,3,0
153,45,2.2,6,0
42,19,4.2,7,1
105,48,4.6,9,1
16,15,2.4,9,0
8,3,2.8,5,0
73,7,3.4,11,0
130,25,4.6,9,1
144,24,4.3,9,1
179,8,3.1,9,0
183,17,2.4,4,0
75,38,4.2,10,1
196,35,2.9,4,0
199,44,3.4,14,0
124,24,2.6,4,0
27,15,2.7,9,0
79,44,3.4,4,0
192,25,2.9,8,0
17,16,4.1,9,1
197,42,2.4,2,0
193,33,3.4,6,0
183,36,3.6,10,0
98,4,2.3,8,0
149,26,1.9,3,0
65,49,3.8,4,0
60,35,3.5,14,0
35,50,2.6,5,0
181,16,3.2,7,0
71,44,2.8,5,0
10,50,4.2,8,1
154,13,1.4,3,0
109,27,2.7,6,0
169,41,3.2,8,0
71,26,4.0,6,0
41,32,4.5,9,1
22,26,3.9,5,0
145,24,4.1,4,1
81,17,3.5,8,0
177,29,2.4,5,0
79,27,1.8,6,0
194,33,2.8,14,0
49,25,4.3,10,1
63,3,2.2,9,0
26,21,3.6,11,0
192,36,2.1,4,0
71,32,3.9,8,0
15,3,3.7,3,0
11,38,3.3,8,0
190,31,4.9,15,1
8,11,3.3,9,0
134,17,2.5,4,0
39,24,3.1,8,0
26,25,3.9,6,0
88,8,4.0,9,1
147,18,2.1,4,0
136,18,1.0,3,0
29,3,3.2,2,0
156,18,3.9,8,0
32,15,3.3,8,0
85,6,3.7,5,0
168,13,2.8,3,0
153,44,2.7,8,0
110,34,3.3,9,0
83,10,4.1,12,1
105,14,4.2,6,1
17,48,1.8,4,0
190,38,4.7,13,1
192,30,1.7,3,0
124,49,3.5,4,0
149,15,3.3,9,0
117,4,5.0,8,1
122,10,2.6,4,0
113,39,4.0,2,1
62,31,3.5,10,0
95,6,3.1,4,0
182,25,3.1,7,0
21,35,3.4,6,0
87,9,1.9,0,0
66,19,2.7,8,0
173,4,3.0,11,0
99,23,1.7,5,0
76,20,2.1,3,0
59,32,3.1,10,0
38,9,4.8,14,1
68,15,1.7,3,0
102,12,2.0,6,0
119,34,3.1,5,0
195,3,2.5,3,0
176,17,3.7,5,0
21,24,5.0,9,1
101,40,2.3,3,0
141,27,4.1,9,1
107,3,2.6,8,0
80,45,2.8,0,0
120,5,5.0,6,1
116,34,3.1,3,0
70,41,4.5,6,1
70,38,3.5,9,0
166,37,1.6,3,0
16,38,2.6,4,0
119,28,3.1,3,0
128,7,3.1,7,0
137,29,2.8,7,0
39,31,3.2,2,0
111,18,3.0,6,0
126,44,3.8,16,0
26,8,4.0,2,1
139,8,3.2,5,0
58,46,1.7,3,0
154,10,2.0,2,0
151,41,3.3,2,0
166,31,3.8,6,0
133,42,3.8,7,0
180,25,5.0,14,1
65,1,4.4,5,1
45,26,2.9,4,0
16,17,3.4,7,0
103,41,2.8,6,0
79,2,3.0,5,0
183,25,3.4,8,0
180,18,4.1,11,1
176,46,2.0,3,0
179,20,2.3,5,0
133,17,2.4,5,0
100,18,3.3,5,0
82,50,2.8,6,0
173,42,2.8,9,0
159,45,3.3,5,0
185,30,4.0,6,1
41,44,2.4,6,0
56,43,4.0,5,1
152,6,2.4,7,0
104,46,1.9,3,0
98,47,3.7,6,0
40,32,2.1,1,0
167,41,4.8,8,1
177,26,5.0,12,1
176,1,3.5,4,0
146,27,3.6,7,0
51,23,4.2,6,1
52,2,2.7,9,0
129,27,2.9,1,0
12,13,2.6,7,0
95,42,4.2,12,1
181,3,4.8,6,1
28,45,3.2,8,0
85,11,3.2,9,0
2,39,2.0,7,0
121,32,3.7,9,0
185,47,3.3,9,0
109,42,2.8,5,0
15,36,3.9,7,0
55,16,2.2,4,0
23,43,2.9,10,0
189,17,3.5,7,0
7,16,5.0,14,1
3,20,3.0,5,0
26,14,2.2,4,0
142,40,3.4,5,0
116,18,1.0,0,0
182,42,2.7,3,0
11,31,4.4,9,1
75,28,3.6,9,0
78,28,2.8,7,0
151,13,3.1,6,0
6,22,2.8,3,0
143,23,2.6,3,0
70,24,5.0,6,1
120,24,4.2,12,1
72,39,3.8,6,0
53,50,3.0,1,0
108,31,1.2,2,0
124,11,1.5,2,0
147,9,3.1,6,0
119,15,3.9,11,0
168,44,1.2,3,0
183,8,3.6,12,0
163,50,1.9,5,0
152,34,3.8,10,0
52,16,3.6,5,0
6,13,2.5,3,0
12,10,3.5,3,0
39,26,4.2,12,1
7,39,2.6,7,0
145,2,2.2,5,0
23,8,2.9,7,0
141,28,3.8,12,0
155,48,5.0,9,1
125,49,5.0,12,1
136,38,3.2,5,0
79,9,3.6,8,0
197,18,2.7,6,0
92,6,4.4,4,1
123,20,4.6,9,1
62,23,3.1,5,0
84,18,5.0,14,1
64,19,4.0,7,0
71,46,2.5,8,0
73,12,1.9,4,0
167,24,3.4,8,0
194,16,3.3,8,0
198,26,2.9,9,0
127,1,2.8,5,0
52,3,3.6,6,0
86,5,3.8,8,0
81,21,2.9,10,0
121,14,2.5,5,0
156,44,3.1,6,0
198,36,3.6,6,0
22,41,2.6,5,0
60,46,3.2,7,0
146,41,1.9,3,0
143,18,1.4,3,0
94,42,1.9,6,0
68,12,2.5,4,0
95,13,3.4,7,0
29,37,1.1,2,0
138,42,3.6,11,0
137,22,5.0,16,1
100,40,4.1,5,1
134,19,2.2,5,0
192,26,4.8,5,1
107,10,2.2,2,0
88,2,2.6,11,0
64,41,2.0,4,0
196,16,2.8,5,0
39,21,2.0,9,0
65,13,2.7,5,0
139,28,1.4,2,0
31,17,2.6,3,0
145,11,4.3,13,1
106,16,2.3,5,0
166,11,4.3,7,1
42,4,2.2,5,0
75,16,3.2,6,0
169,36,2.3,4,0
85,32,1.7,3,0
96,40,3.9,4,0
75,41,4.3,7,1
158,25,2.5,2,0
86,17,2.5,4,0
139,20,2.4,6,0
180,20,2.2,8,0
58,19,2.9,4,0
142,48,2.5,3,0
141,47,1.0,0,0
12,20,3.2,10,0
94,33,2.8,3,0
52,24,3.6,6,0
116,15,3.0,8,0
57,27,1.7,4,0
158,20,1.9,1,0
41,39,4.2,3,1
64,17,3.6,9,0
128,41,3.5,10,0
190,25,2.9,8,0
94,50,2.9,3,0
175,44,3.8,8,0
23,4,2.9,4,0
88,11,3.0,3,0
52,28,2.5,6,0
172,10,3.0,7,0
67,50,2.3,3,0
125,28,4.6,7,1
57,50,2.9,8,0
131,35,3.1,7,0
97,32,2.7,9,0
92,9,4.4,10,1
173,28,2.5,4,0
196,10,4.6,8,1
103,3,2.1,6,0
169,19,3.1,6,0
48,45,2.1,7,0
109,26,3.0,6,0
93,39,3.0,8,0
114,24,2.5,4,0
120,4,3.4,3,0
21,13,4.0,7,0
128,47,2.4,4,0
161,37,4.5,8,1
25,1,4.2,6,1
148,50,2.0,3,0
46,42,1.5,1,0
27,22,4.8,8,1
52,25,2.3,6,0
105,38,5.0,16,1
113,35,2.8,9,0
100,43,2.9,7,0
170,13,4.0,5,0
135,31,4.6,5,1
123,26,2.1,3,0
197,43,4.9,11,1
113,44,3.2,7,0
184,23,2.3,3,0
1,3,5.0,15,1
14,50,3.1,6,0
26,41,4.6,9,1
44,16,2.6,8,0
112,46,3.6,2,0
187,50,3.4,4,0
69,3,3.3,7,0
132,34,3.6,9,0
173,26,3.9,6,0
78,3,3.3,7,0
161,32,3.8,12,0
87,18,3.0,7,0
110,35,3.0,6,0
116,20,4.0,12,1
172,45,4.3,8,1
131,25,2.5,8,0
38,41,2.5,4,0
50,44,2.8,2,0
56,34,2.1,5,0
155,10,2.6,5,0
180,2,3.7,7,0
95,41,3.9,13,0
163,15,2.3,5,0
121,31,4.2,12,1
83,47,3.0,1,0
77,14,4.0,6,1
183,11,2.5,6,0
189,2,5.0,15,1
76,9,5.0,11,1
80,15,4.8,15,1
101,7,3.9,10,0
125,33,5.0,9,1
52,41,2.6,2,0
169,42,2.5,2,0
92,28,2.6,1,0
115,18,3.5,8,0
167,7,2.7,5,0
114,31,4.4,10,1
130,47,3.8,6,0
165,2,4.7,8,1
32,44,3.8,3,0
41,40,2.1,6,0
166,26,4.7,8,1
163,45,1.5,4,0
52,35,1.9,2,0
93,24,3.3,9,0
111,40,2.7,6,0
127,13,1.6,4,0
184,44,3.9,13,0
190,7,1.8,3,0
158,29,4.6,13,1
91,27,2.7,8,0
169,2,1.8,3,0
153,30,2.2,3,0
20,45,3.2,5,0
128,8,5.0,10,1
23,3,2.6,5,0
125,8,3.0,8,0
114,26,4.1,6,1
83,25,3.4,7,0
4,47,3.2,3,0
49,16,4.7,11,1
9,50,1.8,5,0
68,22,2.0,4,0
188,1,2.5,8,0
90,50,2.6,6,0
153,48,3.0,5,0
180,22,3.6,5,0
61,10,3.4,4,0
51,50,4.1,10,1
95,49,2.3,3,0
187,1,2.7,6,0
51,43,2.4,6,0
190,26,2.6,5,0
134,35,4.1,16,1
88,21,1.4,1,0
53,5,3.2,2,0
124,28,4.4,9,1
159,12,4.0,7,1
95,17,2.9,5,0
114,11,3.6,9,0
45,39,4.4,16,1
58,44,2.6,7,0
198,5,2.2,9,0
117,33,3.6,4,0
73,10,3.5,5,0
89,24,2.7,6,0
65,29,3.8,8,0
18,13,3.4,8,0
19,19,2.2,11,0
134,7,2.4,0,0
142,32,2.9,3,0
1,13,4.9,7,1
62,27,3.5,8,0
173,31,3.2,6,0
192,40,3.8,7,0
91,44,3.9,4,0
61,40,2.7,3,0
3,44,3.6,13,0
48,21,2.9,6,0
4,21,3.6,7,0
61,14,2.9,10,0
143,29,5.0,5,1
80,41,3.5,6,0
197,9,4.1,10,1
4,24,2.9,10,0
64,22,2.1,6,0
72,38,3.7,3,0
129,43,3.2,8,0
166,45,3.0,9,0
185,49,2.5,3,0
115,44,1.6,2,0
15,23,1.8,3,0
4,2,5.0,6,1
87,20,4.2,10,1
97,12,2.1,8,0
101,34,1.1,5,0
44,28,3.0,7,0
152,11,5.0,7,1
72,9,4.2,6,1
115,12,3.2,3,0
175,19,2.0,4,0
120,25,4.6,7,1
165,13,3.2,7,0
29,19,2.7,2,0
186,5,3.0,5,0
124,16,2.1,5,0
111,36,2.7,5,0
80,11,1.5,4,0
184,27,2.0,5,0
125,25,5.0,5,1
5,19,3.2,4,0
88,44,3.0,6,0
26,40,3.5,8,0
75,11,3.4,5,0
33,33,3.8,9,0
9,41,2.5,4,0
126,4,3.5,10,0
61,32,5.0,11,1
172,48,3.1,3,0
142,6,3.1,5,0
38,50,2.4,7,0
183,22,3.2,9,0
150,43,2.1,5,0
100,22,2.2,6,0
179,44,4.2,12,1
79,12,2.6,6,0
145,19,4.3,3,1
97,30,3.1,7,0
7,48,2.8,7,0
81,22,2.3,4,0
195,26,3.5,9,0
96,38,2.2,7,0
97,13,2.7,4,0
5,32,1.3,0,0
152,18,3.2,8,0
167,42,2.3,6,0
178,29,3.7,6,0
154,50,2.5,4,0
102,3,3.9,9,0
125,42,3.7,6,0
42,17,2.2,3,0
133,24,2.3,3,0
193,9,2.5,6,0
77,1,3.3,10,0
114,3,3.3,7,0
112,38,3.7,8,0
70,12,3.1,4,0
195,42,3.8,4,0
86,35,3.3,5,0
14,25,2.7,8,0
78,37,1.9,13,0
161,36,2.5,2,0
128,26,3.7,12,0
52,18,3.0,7,0
47,48,4.9,12,1
176,43,3.8,9,0
150,8,4.4,6,1
178,47,2.5,6,0
140,43,3.6,4,0
137,39,3.5,10,0
155,49,2.4,3,0
3,28,2.8,3,0
56,7,3.0,5,0
133,18,4.1,9,1
6,34,2.7,4,0
14,36,3.1,6,0
81,33,4.0,10,1
190,33,3.3,7,0
152,28,4.0,4,0
40,36,4.6,7,1
65,38,4.4,7,1
29,48,2.3,5,0
77,12,2.4,5,0
157,35,4.3,5,1
188,5,3.8,4,0
195,27,4.8,11,1
33,26,4.1,6,1
16,22,2.4,4,0
171,21,3.4,4,0
152,40,2.5,5,0
138,43,4.6,4,1
61,41,3.5,9,0
163,19,3.8,4,0
75,45,4.4,5,1
24,24,1.4,1,0
149,35,3.0,5,0
10,15,5.0,17,1
195,2,4.9,7,1
161,22,2.8,6,0
71,20,4.2,7,1
175,3,3.2,6,0
161,7,3.6,5,0
10,24,3.1,6,0
100,25,4.4,10,1
12,11,4.0,7,1
122,44,4.4,5,1
137,12,3.0,6,0
72,50,2.6,5,0
123,36,3.6,8,0
17,9,4.6,8,1
152,4,5.0,10,1
25,10,3.3,4,0
27,42,2.3,3,0
106,36,4.1,9,1
28,1,3.7,6,0
142,2,3.3,8,0
142,37,2.6,4,0
25,28,3.5,7,0
80,13,3.1,5,0
80,16,3.1,11,0
116,16,1.5,0,0
114,48,3.5,9,0
128,18,2.7,0,0
30,25,4.8,6,1
53,4,3.3,7,0
75,10,4.8,10,1
148,34,4.0,10,1
174,39,3.0,8,0
104,39,1.8,4,0
81,19,2.1,7,0
56,38,3.4,5,0
144,41,2.9,6,0
26,28,2.5,4,0
174,26,2.2,4,0
51,4,2.7,4,0
145,5,5.0,7,1
162,27,2.7,3,0
60,15,5.0,4,1
40,39,4.8,12,1
182,20,3.6,4,0
87,15,2.3,2,0
18,6,3.9,4,0
28,7,4.1,7,1
52,4,3.4,7,0
35,17,4.1,9,1
198,30,2.1,1,0
178,7,4.5,12,1
8,48,2.1,7,0
51,42,3.4,14,0
106,3,4.1,12,1
188,45,2.8,2,0
106,29,2.5,5,0
155,13,3.4,8,0
16,33,2.8,5,0
140,30,3.3,8,0
79,17,1.4,4,0
158,14,3.1,2,0
194,35,2.1,4,0
139,24,2.3,2,0
51,44,1.9,0,0
13,26,1.7,4,0
200,44,2.5,4,0
80,49,4.6,8,1
87,30,1.5,7,0
72,14,5.0,7,1
168,25,2.4,4,0
196,7,3.8,13,0
112,22,5.0,7,1
85,21,4.3,8,1
44,49,3.8,8,0
68,24,3.2,7,0
38,29,3.1,5,0
153,14,3.7,11,0
120,46,4.2,10,1
137,13,2.7,4,0
96,7,4.2,8,1
19,27,2.3,3,0
136,42,3.7,6,0
79,34,1.7,1,0
54,41,3.6,7,0
26,49,2.5,10,0
99,3,1.5,3,0
60,38,4.0,3,0
146,37,3.9,7,0
137,19,4.0,9,1
95,31,3.2,7,0
142,38,2.5,5,0
172,7,2.5,2,0
37,42,2.6,7,0
30,36,3.5,6,0
98,43,3.7,10,0
89,35,3.3,10,0
101,16,1.9,7,0
144,28,1.9,5,0
167,10,3.2,7,0
2,48,3.9,2,0
118,9,2.2,3,0
7,28,1.1,2,0
135,6,3.5,5,0
146,24,4.2,10,1
36,50,4.1,9,1
14,14,2.5,5,0
20,10,4.8,8,1
185,13,2.6,4,0
84,33,3.1,5,0
42,10,1.8,4,0
19,21,2.9,8,0
118,5,3.0,3,0
143,16,2.8,7,0
59,21,2.0,6,0
122,39,2.1,4,0
108,16,4.4,13,1
196,20,3.3,5,0
162,40,3.9,7,0
41,14,2.9,9,0
184,17,4.0,14,1
18,29,4.0,9,0
98,30,2.9,8,0
4,38,4.0,6,0
188,8,3.4,4,0
15,16,2.3,2,0
77,20,4.6,11,1
160,45,3.8,8,0
75,31,4.6,11,1
62,30,2.5,4,0
4,31,3.9,11,0
127,31,4.0,9,1
149,29,2.9,7,0
57,33,3.5,3,0
65,15,4.7,10,1
145,31,3.5,4,0
102,2,2.3,4,0
14,15,1.1,1,0
191,44,3.7,7,0
23,40,3.9,6,0
179,4,3.7,8,0
97,48,2.0,1,0
185,44,3.5,9,0
126,6,4.8,13,1
30,14,3.2,6,0
20,43,2.1,6,0
15,46,2.7,5,0
112,15,3.2,10,0
48,4,2.2,5,0
5,30,4.4,5,1
156,16,2.6,1,0
178,40,3.7,7,0
200,19,1.7,3,0
101,31,3.5,6,0
38,43,2.9,5,0
127,30,3.2,6,0
59,30,3.4,5,0
156,35,3.4,5,0
52,22,3.5,8,0
54,1,2.3,3,0
89,42,2.7,7,0
105,18,3.7,5,0
105,41,5.0,12,1
59,3,2.6,6,0
187,27,3.6,11,0
4,15,4.0,9,1
175,38,4.5,13,1
2,17,2.9,8,0
150,23,3.0,6,0
18,41,3.9,7,0
169,1,2.8,7,0
46,6,3.9,3,0
60,20,3.9,9,0
133,34,3.1,8,0
142,4,4.5,8,1
71,28,3.7,8,0
138,30,2.9,6,0
161,18,4.3,11,1
171,2,2.8,8,0
31,34,3.5,7,0
70,8,3.7,7,0
186,47,3.9,6,0
183,39,2.9,6,0
105,19,4.0,3,0
42,3,2.0,5,0
158,35,3.3,6,0
167,31,3.1,9,0
75,18,4.4,6,1
27,13,3.2,8,0
167,30,3.7,8,0
32,33,2.2,9,0
32,8,1.6,4,0
103,10,2.8,4,0
124,26,3.9,7,0
187,17,2.1,4,0
94,20,3.7,5,0
37,12,2.5,3,0
19,20,1.8,5,0
56,23,5.0,6,1
121,2,2.1,4,0
18,27,3.7,5,0
21,22,3.7,5,0
80,35,2.2,2,0
81,43,2.4,6,0
137,49,2.4,9,0
14,19,2.9,5,0
94,40,1.9,5,0
163,6,2.6,5,0
22,39,3.5,10,0
79,15,2.5,3,0
134,30,3.4,16,0
90,20,1.2,3,0
23,44,2.5,2,0
137,17,2.8,7,0
149,11,3.5,6,0
184,47,2.6,4,0
7,13,2.0,3,0
76,32,3.9,5,0
14,44,2.6,3,0
25,4,2.8,5,0
156,23,2.4,5,0
7,40,2.6,8,0
168,41,3.8,10,0
86,3,5.0,11,1
63,47,2.4,7,0
155,38,3.1,3,0
171,12,3.3,6,0
9,35,3.2,6,0
24,2,3.3,4,0
45,9,4.0,8,1
146,1,3.5,12,0
74,8,3.5,12,0
10,2,4.7,9,1
149,21,4.7,2,1
160,6,2.7,5,0
194,7,3.4,7,0
38,38,3.4,5,0
172,26,3.9,6,0
29,23,5.0,12,1
136,40,2.7,2,0
137,2,3.2,9,0
1,30,3.8,6,0
89,41,2.8,8,0
200,36,5.0,13,1
33,48,3.5,10,0
10,18,3.5,5,0
14,33,3.9,13,0
122,32,1.7,3,0
88,5,2.8,8,0
53,8,4.3,10,1
87,32,3.1,5,0
97,47,2.4,4,0
69,23,2.8,6,0
119,11,2.7,5,0
136,26,3.5,5,0
97,41,4.2,12,1
143,6,2.6,2,0
65,28,4.5,8,1
14,34,3.6,7,0
147,43,2.9,3,0
34,48,3.4,13,0
21,20,2.8,5,0
122,4,4.2,3,1
1,47,3.6,4,0
126,33,2.7,7,0
41,15,2.7,4,0
130,36,3.9,10,0
191,2,3.1,9,0
117,16,4.2,7,1
146,44,2.0,2,0
158,13,3.4,6,0
124,32,2.4,3,0
83,34,1.9,6,0
142,49,1.6,3,0
197,8,2.3,6,0
146,18,4.4,12,1
8,22,1.4,3,0
21,39,3.3,5,0
150,1,4.7,6,1
37,30,3.3,6,0
77,21,2.7,5,0
181,33,1.7,6,0
43,49,3.0,5,0
132,2,2.3,6,0
72,28,3.0,6,0
59,28,2.1,2,0
159,29,3.1,3,0
4,44,2.8,9,0
7,6,3.6,7,0
79,31,3.4,12,0
83,12,3.3,7,0
178,42,3.0,7,0
27,7,1.9,4,0
29,38,2.5,4,0
164,17,3.1,6,0
110,20,3.0,6,0
196,15,2.5,7,0
146,22,2.3,9,0
27,9,3.2,11,0
127,10,3.2,3,0
55,28,4.2,6,1
120,9,3.2,12,0
64,28,2.4,3,0
125,38,5.0,7,1
177,42,4.0,5,0
180,44,2.4,6,0
4,36,2.7,4,0
186,22,2.9,7,0
21,41,3.8,8,0
95,7,3.3,12,0
48,26,2.3,9,0
188,50,2.5,8,0
143,14,3.2,5,0
173,2,2.9,3,0
68,50,2.2,7,0
93,3,2.5,4,0
138,40,3.4,7,0
140,23,3.2,4,0
68,6,3.9,9,0
134,6,4.9,6,1
13,18,3.8,9,0
38,22,3.8,7,0
38,47,3.2,7,0
113,38,3.0,5,0
27,25,1.4,2,0
162,41,3.8,9,0
151,20,3.4,3,0
170,34,5.0,12,1
112,16,5.0,8,1
178,31,3.5,9,0
32,9,3.6,7,0
121,26,4.1,9,1
194,29,3.0,5,0
130,9,3.6,8,0
67,41,3.8,9,0
98,11,3.4,7,0
18,11,4.6,8,1
176,45,3.8,11,0
172,17,4.9,7,1
161,12,2.1,1,0
119,1,2.3,5,0
197,33,2.0,3,0
123,5,3.3,10,0
89,15,3.4,11,0
103,6,3.7,3,0
35,5,4.3,5,1
174,11,2.8,4,0
153,28,2.5,2,0
70,14,4.4,8,1
41,7,3.5,6,0
68,32,4.2,10,1
155,34,4.3,7,1
42,39,3.3,5,0
134,50,3.6,9,0
192,20,4.1,12,1
78,18,3.5,4,0
38,44,3.3,5,0
102,17,2.5,5,0
187,16,5.0,10,1
177,21,2.3,1,0
3,21,3.9,9,0
15,43,2.1,5,0
165,10,3.8,9,0
68,14,3.1,10,0
156,45,1.8,2,0
81,34,3.0,7,0
62,47,4.0,6,0
52,43,5.0,10,1
61,31,3.7,8,0
112,34,2.3,4,0
167,15,2.4,1,0
145,25,4.2,13,1
153,20,2.0,5,0
12,9,4.6,6,1
144,19,3.3,5,0
9,36,2.0,5,0
118,28,1.1,1,0
81,46,2.4,7,0
145,50,4.0,6,0
74,21,2.1,3,0
34,36,1.7,5,0
58,12,2.4,2,0
129,38,1.8,3,0
188,44,3.1,6,0
78,14,3.5,7,0
172,29,3.4,8,0
190,27,4.4,10,1
138,38,2.1,1,0
37,44,4.5,10,1
91,34,3.9,4,0
200,50,5.0,13,1
61,43,2.7,7,0
129,13,3.2,5,0
133,50,1.0,1,0
137,23,3.7,5,0
67,28,3.7,8,0
106,34,3.3,3,0
20,49,3.4,6,0
133,46,4.1,13,1
130,15,4.2,7,1
92,24,1.9,3,0
11,12,1.4,2,0
74,3,1.9,1,0
61,38,3.9,8,0
152,36,1.4,4,0
38,16,2.0,2,0
185,24,5.0,14,1
37,48,2.6,6,0
33,36,3.0,12,0
55,18,2.8,2,0
25,11,3.8,8,0
163,8,4.7,7,1
120,12,3.2,5,0
48,23,2.9,4,0
124,22,3.5,8,0
41,45,3.4,8,0
87,26,4.3,7,1
80,8,3.0,8,0
190,20,3.1,7,0
152,31,3.3,8,0
8,26,3.8,8,0
193,35,3.9,20,0
11,20,1.9,4,0
135,11,3.0,6,0
148,25,3.2,6,0
171,18,3.0,4,0
41,29,3.4,9,0
61,44,1.9,2,0
77,40,2.8,6,0
170,37,4.7,12,1
82,22,3.8,9,0
60,6,2.9,4,0
188,32,3.1,6,0
37,40,3.8,7,0
48,48,4.3,6,1
19,17,2.7,6,0
75,3,2.2,7,0
173,37,2.0,6,0
140,35,4.4,10,1
77,22,4.5,8,1
132,11,3.6,8,0
59,31,5.0,11,1
112,40,3.0,3,0
140,13,2.8,8,0
121,40,1.9,4,0
13,39,3.9,5,0
179,48,2.9,6,0
37,14,5.0,12,1
6,19,3.4,6,0
58,47,2.6,4,0
142,14,5.0,6,1
60,36,4.1,7,1
50,46,4.6,9,1
195,6,2.5,6,0
5,29,4.1,10,1
29,9,3.4,1,0
119,18,5.0,5,1
105,45,4.7,13,1
121,37,3.2,3,0
199,28,3.5,8,0
24,8,4.2,10,1
135,16,2.8,6,0
77,33,3.7,9,0
115,28,3.8,13,0
148,30,3.6,10,0
41,28,2.6,4,0
49,7,3.6,4,0
28,39,3.4,3,0
137,15,3.7,8,0
158,46,2.9,5,0
53,17,4.1,11,1
64,1,4.9,8,1
161,43,2.6,8,0
190,23,3.5,10,0
22,45,1.9,5,0
185,1,5.0,14,1
75,49,4.1,6,1
40,1,5.0,10,1
9,5,2.0,4,0
8,49,3.9,5,0
103,2,2.9,7,0
68,43,3.9,2,0
135,24,4.1,9,1
41,25,2.5,3,0
146,4,2.7,6,0
15,27,4.4,5,1
35,26,2.5,5,0
67,44,4.7,5,1
126,21,2.6,5,0
103,33,3.1,5,0
78,25,2.3,3,0
146,26,3.3,8,0
159,8,2.5,5,0
83,50,1.7,5,0
59,48,2.0,4,0
135,44,2.3,3,0
131,21,2.5,2,0
53,14,3.9,7,0
8,35,3.9,6,0
63,5,1.5,3,0
16,35,1.9,7,0
62,20,4.3,7,1
170,20,1.7,5,0
10,21,5.0,15,1
186,46,3.7,14,0
41,1,3.9,8,0
62,43,3.4,6,0
36,31,3.4,5,0
191,34,2.1,4,0
93,44,3.4,3,0
142,47,4.0,6,0
57,1,2.9,1,0
29,35,3.9,10,0
121,16,3.7,7,0
18,47,3.1,6,0
2,11,4.7,7,1
79,30,3.9,3,0
6,42,1.9,6,0
164,50,2.1,6,0
155,32,2.8,6,0
13,41,2.3,2,0
8,42,3.0,8,0
109,8,2.5,4,0
67,46,2.2,7,0
55,25,3.9,11,0
114,15,3.1,5,0
130,22,3.1,11,0
186,6,3.3,10,0
7,46,3.1,5,0
37,3,3.6,9,0
89,13,2.7,3,0
130,35,3.7,3,0
89,1,4.5,5,1
148,13,3.8,7,0
191,49,2.6,1,0
133,1,3.4,8,0
3,22,1.1,3,0
10,7,2.8,6,0
136,25,3.5,1,0
187,31,2.7,5,0
184,35,4.2,7,1
21,34,3.2,6,0
171,8,4.1,5,1
79,37,3.7,9,0
186,15,2.3,3,0
190,42,4.9,7,1
55,15,4.0,7,0
136,2,3.0,5,0
191,16,2.2,3,0
111,16,2.3,4,0
132,10,1.7,6,0
13,44,3.0,5,0
186,13,4.6,6,1
83,41,2.2,3,0
84,4,2.0,2,0
90,12,2.1,2,0
45,29,4.4,7,1
37,39,3.2,8,0
156,42,2.4,2,0
49,48,2.3,2,0
4,20,3.0,3,0
10,35,3.3,3,0
65,18,1.8,2,0
166,13,3.8,8,0
114,28,3.1,8,0
16,6,5.0,14,1
116,22,3.1,7,0
191,7,5.0,10,1
47,21,2.3,3,0
3,1,3.8,2,0
31,2,3.7,4,0
22,10,2.6,10,0
58,40,2.9,8,0
39,48,4.2,7,1
142,5,2.6,8,0
1,40,3.4,5,0
26,42,3.5,8,0
48,2,2.7,6,0
133,33,3.7,12,0
27,20,5.0,11,1
119,49,3.6,8,0
56,36,2.9,6,0
196,40,3.4,8,0
95,43,4.6,10,1
155,5,4.2,11,1
21,8,2.9,10,0
70,44,3.3,9,0
1,44,2.3,4,0
72,47,3.8,7,0
52,38,2.1,6,0
145,14,2.2,6,0
15,33,5.0,9,1
103,22,3.2,8,0
96,12,2.3,4,0
179,30,1.9,4,0
58,37,4.2,9,1
36,26,3.2,2,0
110,21,4.3,11,1
22,32,3.7,4,0
71,42,3.8,4,0
130,33,3.9,3,0
84,8,3.4,5,0
191,18,2.9,4,0
124,30,2.0,5,0
60,40,3.6,13,0
171,1,1.7,4,0
170,22,3.6,7,0
30,3,2.2,4,0
88,6,2.9,4,0
134,26,4.1,2,1
91,50,3.5,4,0
122,9,4.8,12,1
65,44,1.6,1,0
118,36,2.9,6,0
85,45,5.0,14,1
58,31,3.9,7,0
79,39,1.9,4,0
42,25,1.5,3,0
185,42,5.0,10,1
150,34,3.1,0,0
139,32,3.4,7,0
153,34,2.4,4,0
176,39,3.8,5,0
107,36,3.4,6,0
122,33,4.2,11,1
70,16,2.5,2,0
40,46,4.5,8,1
191,36,2.6,9,0
144,37,3.3,9,0
63,43,3.5,15,0
104,7,3.4,6,0
148,11,2.5,7,0
100,41,3.0,9,0
19,39,3.1,8,0
182,38,4.1,9,1
79,18,4.1,6,1
28,34,2.8,6,0
70,31,3.5,6,0
58,30,3.1,12,0
137,41,3.7,2,0
160,35,3.8,5,0
80,10,4.6,7,1
102,37,2.6,7,0
47,15,1.7,3,0
58,15,2.4,8,0
200,11,1.4,3,0
21,7,3.6,3,0
96,32,4.4,12,1
36,22,3.3,3,0
130,21,3.4,14,0
34,44,3.3,7,0
194,44,2.2,4,0
130,24,4.8,8,1
34,16,2.2,5,0
156,32,3.4,11,0
181,34,3.1,7,0
40,7,1.4,3,0
72,6,2.5,6,0
109,33,2.8,6,0
61,33,2.7,3,0
172,49,2.7,4,0
54,45,3.0,6,0
163,20,2.5,6,0
113,28,1.6,1,0
120,45,3.7,13,0
106,30,4.5,8,1
36,20,1.6,4,0
31,20,3.5,17,0
178,49,4.3,4,1
69,29,1.7,0,0
114,50,2.4,5,0
165,21,4.1,3,1
51,3,5.0,9,1
161,16,2.5,5,0
141,30,3.4,6,0
166,14,2.4,4,0
96,11,3.7,8,0
104,3,3.6,7,0
84,23,3.3,4,0
42,45,4.0,3,0
97,6,4.4,9,1
69,34,4.2,10,1
6,30,4.9,12,1
134,37,3.9,12,0
188,26,2.1,7,0
42,2,3.7,14,0
126,23,4.5,8,1
119,41,2.6,5,0
146,10,2.3,3,0
19,7,3.9,14,0
192,16,3.8,2,0
168,7,2.7,7,0
3,2,3.0,8,0
132,16,5.0,3,1
102,33,3.1,6,0
135,39,4.2,7,1
178,50,4.6,16,1
190,48,4.0,7,1
177,33,2.1,4,0
11,26,1.8,2,0
148,17,3.6,9,0
1,35,3.3,6,0
144,21,3.6,10,0
68,16,4.2,12,1
128,13,4.1,15,1
186,10,4.1,7,1
48,30,3.0,7,0
166,4,1.0,3,0
17,11,3.8,5,0
80,48,5.0,5,1
29,46,2.6,6,0
10,6,2.9,5,0
182,50,3.3,7,0
156,48,2.5,5,0
120,33,5.0,10,1
67,26,4.8,8,1
166,30,3.9,5,0
60,5,5.0,9,1
12,36,2.1,1,0
158,39,3.3,9,0
50,37,4.0,4,0
104,40,3.1,8,0
109,34,3.3,6,0
33,42,1.7,3,0
5,5,5.0,13,1
195,13,2.5,7,0
48,40,2.8,3,0
57,22,5.0,7,1
76,18,4.0,4,1
137,24,1.5,4,0
164,24,3.0,6,0
83,19,3.1,2,0
35,42,3.8,9,0
120,31,4.1,7,1
173,30,3.5,7,0
86,7,3.4,6,0
105,35,3.6,6,0
125,10,3.9,5,0
111,7,5.0,7,1
51,15,3.0,5,0
50,24,3.3,7,0
21,29,3.6,8,0
180,30,4.3,12,1
198,11,3.1,12,0
190,40,5.0,5,1
84,44,2.4,3,0
195,29,5.0,10,1
4,33,2.5,7,0
95,3,2.8,11,0
29,40,3.5,4,0
146,40,2.4,2,0
87,38,3.4,8,0
41,50,2.2,3,0
174,8,4.9,7,1
159,17,2.9,3,0
150,21,4.8,12,1
73,16,3.5,7,0
21,1,3.2,6,0
29,25,2.0,3,0
28,4,4.6,9,1
72,41,2.6,1,0
198,7,3.2,9,0
64,48,2.5,5,0
65,12,2.6,2,0
182,2,2.3,4,0
30,9,2.6,8,0
69,38,3.6,6,0
70,5,3.6,6,0
6,46,3.6,8,0
95,40,4.6,8,1
153,2,3.8,10,0
76,26,2.5,5,0
164,20,3.9,11,0
88,16,3.5,10,0
6,28,3.5,4,0
165,31,3.6,10,0
90,47,4.0,9,0
150,19,3.0,6,0
81,44,3.2,6,0
132,32,3.9,2,0
140,38,4.7,12,1
181,50,3.6,5,0
200,7,3.4,7,0
196,5,2.2,6,0
186,28,2.7,6,0
137,18,3.8,14,0
29,18,3.6,7,0
168,14,2.7,8,0
78,46,2.9,9,0
161,42,2.8,7,0
98,44,1.8,4,0
143,26,1.0,2,0
98,31,4.7,15,1
92,25,2.7,4,0
140,28,4.2,8,1
183,2,2.4,5,0
81,12,4.2,9,1
176,30,4.5,9,1
168,3,3.5,7,0
141,15,2.6,4,0
126,17,3.8,12,0
65,23,3.6,10,0
92,33,1.4,0,0
191,11,3.8,9,0
190,36,3.5,10,0
83,3,4.7,7,1
48,13,2.3,8,0
95,27,5.0,14,1
170,4,3.3,3,0
123,22,3.1,6,0
119,29,1.3,1,0
68,46,2.5,4,0
174,48,3.1,8,0
143,4,3.8,8,0
77,47,1.6,4,0
7,23,4.0,5,0
125,18,3.0,4,0
173,39,3.7,11,0
9,46,1.9,5,0
16,44,3.3,9,0
38,28,4.1,7,1
104,21,2.7,1,0
43,21,2.0,4,0
35,25,3.6,8,0
173,45,2.3,4,0
47,37,3.9,6,0
176,27,3.7,2,0
110,24,5.0,4,1
42,29,2.2,3,0
173,21,2.6,3,0
36,28,3.3,7,0
102,22,4.6,14,1
45,38,5.0,11,1
143,49,3.8,4,0
73,22,3.4,5,0
24,41,3.5,10,0
164,35,4.2,9,1
169,48,2.7,4,0
134,16,2.4,8,0
151,39,3.6,7,0
94,41,3.1,6,0
102,47,3.3,7,0
71,36,2.9,3,0
121,28,2.6,5,0
113,48,2.0,3,0
33,47,2.2,9,0
146,45,3.7,8,0
106,43,2.2,3,0
85,31,4.3,8,1
104,1,4.6,5,1
68,47,2.9,6,0
183,7,2.4,5,0
109,46,2.9,10,0
55,46,4.2,15,1
27,46,3.0,6,0
4,32,4.4,3,1
196,2,5.0,6,1
180,14,2.3,9,0
156,10,3.7,7,0
175,7,2.7,6,0
165,44,3.3,10,0
173,9,3.0,5,0
8,34,2.7,6,0
8,27,3.7,8,0
158,3,1.8,6,0
182,31,2.1,3,0
150,36,3.2,4,0
143,40,3.4,6,0
18,16,1.0,2,0
180,12,4.6,10,1
61,4,3.6,6,0
26,48,2.9,5,0
56,29,3.3,6,0
140,10,4.2,12,1
139,29,1.4,2,0
51,29,3.5,6,0
129,6,3.1,5,0
16,31,4.8,10,1
34,23,4.1,9,1
108,22,2.3,7,0
190,22,4.2,3,1
66,16,2.0,2,0
1,39,2.9,7,0
197,25,4.6,8,1
145,28,2.9,4,0
28,31,3.3,9,0
159,26,2.5,6,0
175,11,4.0,5,1
17,22,2.8,4,0
25,38,5.0,4,1
136,28,2.1,6,0
7,38,3.4,5,0
7,3,3.6,8,0
109,50,2.5,2,0
169,11,3.1,10,0
11,43,4.2,5,1
83,38,3.7,10,0
99,13,2.7,6,0
163,1,3.1,2,0
23,24,1.5,4,0
19,9,2.4,4,0
139,34,2.8,6,0
111,37,3.6,10,0
83,43,3.0,9,0
159,22,3.2,9,0
45,44,2.7,5,0
157,9,2.7,5,0
153,3,2.3,6,0
22,25,3.3,3,0
183,41,2.5,3,0
64,29,2.1,4,0
169,40,2.0,4,0
130,28,3.0,5,0
161,15,3.4,5,0
132,12,1.6,3,0
52,48,4.4,12,1
32,19,5.0,7,1
25,22,2.1,5,0
29,16,2.3,5,0
35,47,3.1,3,0
163,23,2.1,7,0
11,24,3.4,7,0
26,24,5.0,7,1
177,8,3.9,5,0
57,4,4.6,11,1
136,35,2.5,4,0
85,27,3.5,11,0
31,14,2.2,3,0
72,31,3.1,7,0
33,27,3.1,9,0
162,39,3.7,7,0
136,37,2.8,5,0
81,23,3.7,9,0
71,24,3.3,3,0
121,25,2.8,7,0
179,42,3.7,6,0
64,27,2.6,5,0
194,20,3.5,4,0
31,30,3.3,5,0
145,12,2.4,5,0
191,31,5.0,9,1
137,16,4.9,11,1
189,3,2.8,5,0
31,8,3.1,2,0
126,42,2.4,4,0
73,37,3.2,8,0
94,36,2.3,3,0
186,18,4.8,7,1
74,39,1.8,3,0
115,22,2.5,4,0
19,5,2.9,7,0
144,42,1.9,5,0
62,46,2.7,9,0
80,50,3.5,6,0
19,40,1.1,3,0
1,46,3.2,3,0
138,25,3.3,10,0
90,37,3.9,5,0
35,39,3.4,7,0
112,44,4.8,8,1
9,6,3.6,6,0
114,23,2.6,6,0
130,31,3.7,12,0
29,27,1.6,3,0
178,37,4.4,7,1
107,15,3.1,5,0
84,14,3.6,9,0
183,31,3.4,5,0
89,5,1.0,3,0
176,4,3.0,6,0
102,14,4.2,11,1
10,25,4.7,10,1
188,12,2.5,5,0
150,9,4.2,5,1
189,29,2.6,4,0
58,28,2.8,5,0
33,17,1.9,6,0
164,45,2.5,8,0
141,38,2.8,4,0
174,13,3.4,8,0
22,28,1.0,2,0
42,13,1.7,1,0
112,20,4.5,7,1
51,41,3.1,4,0
116,10,2.4,5,0
112,26,5.0,11,1
144,8,2.8,5,0
16,36,2.2,5,0
102,13,3.0,5,0
91,37,4.0,11,0
2,16,3.3,12,0
44,20,4.1,8,1
98,19,3.9,10,0
21,4,3.2,8,0
91,45,2.9,2,0
95,16,3.8,8,0
80,32,2.5,7,0
171,20,2.8,1,0
120,40,4.9,7,1
151,5,3.1,10,0
90,33,4.6,7,1
164,26,3.7,7,0
42,32,2.8,4,0
197,5,3.3,7,0
98,28,2.6,2,0
71,40,3.2,8,0
124,40,3.2,3,0
185,29,4.5,7,1
121,15,3.0,12,0
27,41,1.9,4,0
44,43,3.9,9,0
96,4,3.5,9,0
17,7,4.0,5,1
11,35,3.6,11,0
133,15,3.6,5,0
84,27,2.2,3,0
126,19,3.3,5,0
63,6,2.3,5,0
122,18,2.0,4,0
44,31,3.3,7,0
106,28,3.2,4,0
174,36,3.3,7,0
51,34,3.2,10,0
171,7,4.8,6,1
101,9,2.3,4,0
29,11,4.6,11,1
68,36,1.7,2,0
77,6,3.2,7,0
43,19,3.0,5,0
101,22,3.4,7,0
147,32,2.0,3,0
49,32,3.0,8,0
40,42,4.1,6,1
128,20,3.8,6,0
93,6,3.4,3,0
111,31,4.7,7,1
170,10,3.7,6,0
169,3,2.9,7,0
39,6,2.8,4,0
67,13,2.5,10,0
187,24,1.6,5,0
31,4,3.5,8,0
144,39,3.2,7,0
115,40,3.9,4,0
49,3,4.0,7,0
77,34,3.1,5,0
182,47,3.0,11,0
168,30,3.0,5,0
132,9,4.0,6,0
42,23,4.0,7,1
156,15,3.5,11,0
48,32,2.2,3,0
77,18,3.4,2,0
19,31,2.5,5,0
106,22,4.6,14,1
195,23,3.0,5,0
121,35,2.4,0,0
106,26,3.3,8,0
32,26,5.0,15,1
56,37,2.2,5,0
112,17,1.7,4,0
175,15,5.0,8,1
125,13,3.2,7,0
109,15,1.6,4,0
139,42,2.4,8,0
169,5,3.4,4,0
87,40,3.0,10,0
33,22,3.4,7,0
164,2,4.3,6,1
82,1,2.4,5,0
178,1,2.1,7,0
101,26,3.3,10,0
129,48,3.1,6,0
162,1,3.7,2,0
36,35,2.7,1,0
152,16,3.8,8,0
64,4,2.7,1,0
132,8,3.9,11,0
180,24,3.5,6,0
53,36,2.9,6,0
93,9,3.4,9,0
146,23,1.0,1,0
139,18,4.6,8,1
129,28,4.0,9,0
49,15,3.1,8,0
150,13,2.4,3,0
49,40,1.7,3,0
50,36,4.7,8,1
187,45,3.7,5,0
160,22,3.3,9,0
101,39,2.0,2,0
111,25,3.0,9,0
158,19,2.6,3,0
194,1,4.4,9,1
45,6,1.2,3,0
87,7,2.4,5,0
193,31,3.6,11,0
184,24,3.2,13,0
137,1,3.6,6,0
73,30,3.6,7,0
119,21,2.3,4,0
109,7,2.1,2,0
13,42,3.3,5,0
160,16,4.5,6,1
24,38,1.6,2,0
183,34,3.5,7,0
44,38,1.9,2,0
39,14,2.6,3,0
1,16,3.2,10,0
160,25,5.0,11,1
87,12,2.9,7,0
64,16,2.9,9,0
196,28,2.7,8,0
19,22,4.4,11,1
127,39,2.6,6,0
148,45,4.0,7,1
37,29,4.1,6,1
148,44,2.4,6,0
121,22,2.7,6,0
150,18,2.7,6,0
182,16,4.2,7,1
189,36,2.4,5,0
18,43,3.7,5,0
9,13,4.6,7,1
191,40,1.9,7,0
6,7,4.5,10,1
127,9,3.3,3,0
146,21,3.2,10,0
83,31,3.5,10,0
108,18,2.2,5,0
172,18,2.6,8,0
186,17,2.4,8,0
45,23,2.7,7,0
88,4,2.7,4,0
39,22,3.2,11,0
189,20,3.2,4,0
113,37,4.9,15,1
120,42,4.0,7,0
152,1,3.6,13,0
129,3,4.2,7,1
96,30,4.3,4,1
168,1,2.5,5,0
106,49,2.1,10,0
116,3,5.0,6,1
74,16,3.0,10,0
166,40,3.3,8,0
167,50,1.9,8,0
80,27,4.0,10,1
57,16,4.9,5,1
173,23,2.9,4,0
157,40,2.1,1,0
138,13,2.5,6,0
93,35,3.2,8,0
23,11,2.8,2,0
132,6,4.4,8,1
131,49,2.4,3,0
20,50,5.0,11,1
168,40,2.9,5,0
78,22,1.9,2,0
177,18,2.9,4,0
106,41,1.6,1,0
82,16,4.9,9,1
122,36,4.1,7,1
125,36,3.3,8,0
93,50,2.2,4,0
54,2,3.6,10,0
66,18,3.5,5,0
50,13,2.1,3,0
140,15,4.8,11,1
152,24,2.6,6,0
82,26,4.8,7,1
59,29,1.2,3,0
181,30,4.8,9,1
186,37,2.1,4,0
160,12,2.7,5,0
175,50,4.3,13,1
134,14,3.3,9,0
99,41,2.0,4,0
143,45,2.3,6,0
31,37,2.7,3,0
63,41,3.5,4,0
190,2,4.5,6,1
151,12,2.7,6,0
117,46,1.7,1,0
176,35,2.8,5,0
180,46,3.1,11,0
113,42,3.3,12,0
197,47,3.5,11,0
74,41,3.2,4,0
40,18,3.6,8,0
189,46,4.2,9,1
173,5,1.5,1,0
21,16,2.3,3,0
25,40,4.5,6,1
131,5,3.4,6,0
41,42,2.0,4,0
118,1,3.5,9,0
97,17,4.2,11,1
72,19,4.2,3,1
110,43,3.7,11,0
64,40,2.3,2,0
137,36,3.1,8,0
9,1,2.8,4,0
92,45,3.6,6,0
36,15,1.6,3,0
51,28,3.2,4,0
129,7,3.9,6,0
59,20,3.9,14,0
133,30,1.9,6,0
132,28,3.6,7,0
135,13,3.2,6,0
104,19,2.3,6,0
18,44,3.5,14,0
2,25,2.6,9,0
115,31,5.0,10,1
30,26,3.3,1,0
143,41,3.9,11,0
99,9,1.9,3,0
97,7,3.0,6,0
51,16,4.4,9,1
163,12,2.9,7,0
106,19,3.3,11,0
16,8,3.3,5,0
25,33,4.8,13,1
63,37,2.6,4,0
143,17,3.0,6,0
47,35,2.8,10,0
31,38,3.6,6,0
102,45,4.5,11,1
144,35,1.4,1,0
73,40,2.9,9,0
186,41,1.2,1,0
142,15,5.0,9,1
8,39,3.5,8,0
154,43,3.0,7,0
163,24,2.9,7,0
47,32,3.7,5,0
171,30,5.0,9,1
99,21,4.4,12,1
4,26,3.9,2,0
188,15,4.0,4,0
143,50,4.4,8,1
14,8,2.5,3,0
80,33,4.4,4,1
31,40,3.6,8,0
11,22,3.0,3,0
50,26,3.9,9,0
130,10,4.9,9,1
92,32,2.8,2,0
160,3,2.1,6,0
33,15,2.7,6,0
19,8,4.1,7,1
118,43,2.8,7,0
76,30,4.2,6,1
77,38,2.3,4,0
27,1,3.9,12,0
51,38,3.2,6,0
121,29,2.9,4,0
37,43,5.0,6,1
139,25,3.2,2,0
55,12,2.5,6,0
193,49,2.5,7,0
127,50,3.5,6,0
59,17,3.3,5,0
66,42,3.2,7,0
76,22,2.4,8,0
50,22,3.1,8,0
186,12,3.0,6,0
42,5,1.9,4,0
5,11,2.9,6,0
156,40,2.9,2,0
109,32,2.1,6,0
197,13,4.7,6,1
45,49,4.0,10,0
94,22,3.5,6,0
136,22,4.5,8,1
42,28,2.5,9,0
126,13,3.3,11,0
82,31,3.4,3,0
26,7,3.0,9,0
200,49,3.8,10,0
131,30,3.8,5,0
180,1,4.0,5,0
122,35,2.6,3,0
4,48,3.9,10,0
181,21,1.7,4,0
200,26,2.5,5,0
87,23,4.4,16,1
28,8,5.0,15,1
89,17,2.6,8,0
112,36,1.4,2,0
44,17,2.7,8,0
93,10,1.9,1,0
115,26,2.0,4,0
29,15,1.3,3,0
104,17,2.5,2,0
94,31,1.9,3,0
155,18,2.7,2,0
131,29,3.5,3,0
147,17,3.0,5,0
15,18,1.5,4,0
58,14,2.4,7,0
167,49,2.9,11,0
149,16,4.0,14,0
32,47,3.7,7,0
102,8,3.8,5,0
35,38,4.9,7,1
166,28,3.4,8,0
165,5,4.5,8,1
53,21,3.0,4,0
146,47,2.8,6,0
176,6,3.8,11,0
145,4,3.1,4,0
96,37,3.4,9,0
106,15,2.2,1,0
34,39,4.3,10,1
12,26,4.3,4,1
74,43,3.0,2,0
90,25,5.0,11,1
16,40,3.5,5,0
58,42,1.0,3,0
158,10,2.1,2,0
181,19,3.2,4,0
48,42,2.8,3,0
39,17,1.8,4,0
154,40,3.3,9,0
117,37,2.6,5,0
132,47,2.0,5,0
101,45,2.5,2,0
141,1,3.0,6,0
180,28,2.9,9,0
158,32,3.5,4,0
183,50,2.6,2,0
95,14,3.7,4,0
86,4,3.4,6,0
39,20,2.9,3,0
67,20,5.0,10,1
148,24,3.2,5,0
49,29,3.6,3,0
122,5,1.3,1,0
103,30,2.7,1,0
111,39,2.9,5,0
159,23,2.9,6,0
164,40,3.1,5,0
24,13,3.3,4,0
15,45,5.0,5,1
98,9,2.3,5,0
25,5,4.0,10,1
55,6,3.2,9,0
129,1,3.0,4,0
107,45,3.3,7,0
165,7,3.2,6,0
110,22,2.9,7,0
112,18,3.4,7,0
117,24,3.0,5,0
128,12,3.4,7,0
175,49,5.0,6,1
115,29,4.6,12,1
183,9,2.1,2,0
100,1,4.3,13,1
127,3,2.3,4,0
140,27,4.6,12,1
129,31,2.2,9,0
5,22,3.3,9,0
109,11,3.0,9,0
118,6,3.8,11,0
93,27,3.2,7,0
153,33,4.2,9,1
25,17,3.4,10,0
68,41,2.8,6,0
103,18,4.1,7,1
57,43,3.2,8,0
154,28,2.8,5,0
29,33,2.9,3,0
160,14,3.6,6,0
192,23,3.4,7,0
100,7,2.9,6,0
168,27,2.7,9,0
45,4,1.7,4,0
54,6,2.3,4,0
50,7,3.4,8,0
111,23,2.0,4,0
4,16,2.1,2,0
5,47,4.4,10,1
65,50,3.5,3,0
198,42,3.6,8,0
145,16,4.0,8,0
199,14,3.3,10,0
71,4,2.8,2,0
77,29,4.6,7,1
150,46,3.0,7,0
166,17,3.2,8,0
189,50,2.3,2,0
163,27,4.7,4,1
86,46,4.3,10,1
89,27,2.6,3,0
169,13,3.5,9,0
48,29,4.6,7,1
180,37,4.6,16,1
9,49,2.9,6,0
36,34,3.1,5,0
95,25,4.4,3,1
130,23,3.9,8,0
91,12,2.8,4,0
100,27,3.7,8,0
49,18,5.0,11,1
28,28,2.6,7,0
186,24,3.4,5,0
116,4,3.5,9,0
102,34,1.5,2,0
168,46,2.5,5,0
16,45,3.3,5,0
56,39,4.6,11,1
52,37,4.0,9,0
63,11,3.4,5,0
71,22,3.4,4,0
121,6,4.2,8,1
37,21,2.6,2,0
152,39,1.6,4,0
118,39,4.0,8,1
122,41,4.3,7,1
175,23,2.4,3,0
111,42,3.8,8,0
26,50,4.8,10,1
46,16,3.5,2,0
172,19,4.9,14,1
114,40,2.8,6,0
164,6,2.4,5,0
157,46,2.6,2,0
138,34,2.4,9,0
169,10,3.3,7,0
125,41,2.9,5,0
145,42,3.6,6,0
94,11,4.0,10,0
91,5,3.4,8,0
35,29,4.6,6,1
154,6,2.8,7,0
123,23,3.9,9,0
44,45,1.0,2,0
78,45,3.2,11,0
182,29,3.8,7,0
185,5,4.5,5,1
192,4,4.0,8,0
65,41,3.0,11,0
70,3,3.2,5,0
183,10,2.2,6,0
18,18,3.3,7,0
83,20,4.1,14,1
101,50,4.6,6,1
42,6,1.5,3,0
77,48,2.7,8,0
152,37,2.7,5,0
73,24,2.4,5,0
152,32,2.8,3,0
126,47,2.3,3,0
74,44,4.0,12,0
173,12,3.5,7,0
133,39,4.5,6,1
9,38,3.7,4,0
16,41,2.9,7,0
2,18,2.7,7,0
115,8,4.7,12,1
88,46,2.4,9,0
187,6,3.0,7,0
71,34,2.7,7,0
83,4,3.9,7,0
101,23,2.9,4,0
187,13,3.3,7,0
52,50,2.7,4,0
106,38,2.7,4,0
76,42,2.5,9,0
20,47,5.0,10,1
70,35,4.5,8,1
141,13,5.0,12,1
27,17,3.0,4,0
132,50,2.3,6,0
105,34,4.5,12,1
116,12,3.1,13,0
46,2,3.3,3,0
22,4,4.1,6,1
75,17,4.3,8,1
18,36,3.4,8,0
79,41,3.1,3,0
70,48,3.9,9,0
175,26,2.8,7,0
182,28,3.4,15,0
196,19,2.9,5,0
157,43,3.7,6,0
72,15,3.2,3,0
105,1,4.3,7,1
124,20,3.0,6,0
87,5,4.2,10,1
185,23,3.3,9,0
193,3,3.3,8,0
172,3,2.5,4,0
64,14,2.2,4,0
7,9,4.0,4,1
27,27,2.5,5,0
51,11,3.5,4,0
198,13,3.8,5,0
60,1,4.2,7,1
154,38,2.9,7,0
43,40,2.5,2,0
136,43,1.3,3,0
44,33,4.5,9,1
91,33,2.5,4,0
135,38,2.8,5,0
25,35,5.0,13,1
34,14,3.8,12,0
94,8,3.3,3,0
23,36,3.2,7,0
160,13,2.4,6,0
187,35,2.4,6,0
91,38,2.6,5,0
27,47,3.9,9,0
160,20,2.7,6,0
173,11,2.2,7,0
200,32,4.2,7,1
99,18,4.3,10,1
40,5,5.0,12,1
73,34,3.4,8,0
130,32,2.7,7,0
104,16,2.6,3,0
11,18,3.2,3,0
37,50,3.1,5,0
160,33,3.4,6,0
136,9,4.4,10,1
157,31,4.0,7,1
198,38,3.8,4,0
21,12,4.9,9,1
113,40,3.3,4,0
156,29,3.3,10,0
65,43,4.4,9,1
132,44,3.7,6,0
166,16,2.9,4,0
37,33,3.4,3,0
100,29,4.2,13,1
98,8,3.1,7,0
90,34,5.0,8,1
169,7,1.6,1,0
65,32,3.7,6,0
173,24,3.5,5,0
143,46,2.3,2,0
147,40,3.1,5,0
154,27,2.2,1,0
188,35,2.1,4,0
57,34,2.2,3,0
151,10,2.8,4,0
185,43,2.1,4,0
160,29,3.7,12,0
47,33,2.6,5,0
66,25,2.0,6,0
149,46,2.5,7,0
69,32,3.9,8,0
127,6,3.4,7,0
102,26,3.6,12,0
71,37,3.4,4,0
134,2,4.0,10,0
128,19,4.2,8,1
156,33,2.5,7,0
3,46,3.1,5,0
180,13,2.2,5,0
73,21,3.1,7,0
118,14,3.8,11,0
60,12,1.9,6,0
172,27,2.0,8,0
71,31,4.1,6,1
16,28,2.9,6,0
160,47,4.4,14,1
125,1,4.3,8,1
106,5,4.4,7,1
87,16,4.6,9,1
108,20,2.8,2,0
189,21,2.6,4,0
92,27,1.5,3,0
21,28,3.3,7,0
138,9,2.2,3,0
5,7,2.8,6,0
25,39,3.9,9,0
121,13,3.4,10,0
161,38,3.1,7,0
6,49,3.5,5,0
101,29,4.8,7,1
28,42,2.7,6,0
5,18,1.3,3,0
13,50,5.0,9,1
155,15,3.8,17,0
196,25,3.1,3,0
112,9,4.8,12,1
7,36,3.5,3,0
68,2,2.6,4,0
194,24,3.2,3,0
181,31,4.5,10,1
26,13,5.0,10,1
120,3,3.7,8,0
68,40,3.0,4,0
45,40,3.6,2,0
71,48,2.9,8,0
128,6,3.9,4,0
132,20,5.0,8,1
171,24,5.0,9,1
148,28,2.0,8,0
26,36,2.1,6,0
174,15,2.8,6,0
152,50,2.3,3,0
108,12,1.2,2,0
66,14,2.8,8,0
5,48,2.6,4,0
144,22,2.3,7,0
22,17,2.0,4,0
162,3,3.6,4,0
102,35,2.1,5,0
149,9,4.2,11,1
177,4,4.9,10,1
172,14,3.7,8,0
31,23,3.1,5,0
24,20,3.4,10,0
171,19,3.5,5,0
199,40,1.9,4,0
83,29,4.2,9,1
19,50,1.7,2,0
31,42,2.8,10,0
46,44,2.6,6,0
77,24,2.7,5,0
117,13,1.8,3,0
45,21,3.4,5,0
29,32,3.3,6,0
58,41,1.8,3,0
124,45,3.8,9,0
148,4,3.3,6,0
143,7,3.5,9,0
71,38,2.7,0,0
125,24,4.9,7,1
168,6,3.5,6,0
63,15,3.6,4,0
48,36,3.8,9,0
93,16,3.2,11,0
6,4,3.0,6,0
99,17,3.1,6,0
120,43,1.9,4,0
18,42,3.3,8,0
89,25,2.5,6,0
112,47,3.1,3,0
113,13,3.8,7,0
28,12,2.1,3,0
105,13,3.9,4,0
15,38,4.4,9,1
132,43,4.3,13,1
72,1,2.3,3,0
194,38,3.7,10,0
84,11,3.4,5,0
25,26,4.0,9,0
135,30,4.1,7,1
71,39,3.1,6,0
141,16,3.8,8,0
130,16,2.2,5,0
126,10,2.1,4,0
66,38,2.6,7,0
169,33,4.2,4,1
180,50,4.2,6,1
110,30,4.2,7,1
94,16,3.0,2,0
14,29,2.9,6,0
184,4,1.2,3,0
198,16,2.7,6,0
76,31,4.6,5,1
140,45,4.1,6,1
12,2,2.6,9,0
46,1,2.9,5,0
32,43,4.2,4,1
72,16,4.5,7,1
109,1,2.7,3,0
39,9,1.6,2,0
88,50,2.3,4,0
50,5,5.0,11,1
117,27,2.3,5,0
49,46,3.7,10,0
134,27,2.0,5,0
28,48,3.0,8,0
91,29,3.6,13,0
49,6,2.6,11,0
86,27,3.2,3,0
113,9,2.1,5,0
189,47,3.5,6,0
188,47,3.2,4,0
30,19,2.8,9,0
43,9,3.9,8,0
61,28,3.5,5,0
139,6,3.0,4,0
110,38,4.3,6,1
102,50,3.5,8,0
79,38,3.9,8,0
102,25,3.4,5,0
182,9,4.4,13,1
191,24,5.0,9,1
80,42,4.7,11,1
25,44,1.8,5,0
78,31,3.6,6,0
72,42,3.3,9,0
53,18,2.5,6,0
42,26,4.0,6,1
131,39,3.2,4,0
178,23,3.2,4,0
83,23,2.6,3,0
143,28,3.7,8,0
55,45,3.7,6,0
16,18,2.9,4,0
188,23,2.9,6,0
196,32,3.3,10,0
56,20,4.3,9,1
95,11,3.6,9,0
28,24,3.1,3,0
138,37,4.4,9,1
104,13,3.5,4,0
111,10,3.9,10,0
72,27,3.0,11,0
161,5,1.9,7,0
113,43,3.4,10,0
199,15,3.9,9,0
81,35,4.2,7,1
99,42,3.4,8,0
23,30,4.2,3,1
6,14,3.8,7,0
162,16,4.4,12,1
69,8,2.7,7,0
19,18,5.0,9,1
98,48,3.4,6,0
98,7,3.3,9,0
